Item,,Code,Description,หน่วย,QTY,ม้วนเต็ม,เศษ,QTY,ม้วน,เศษ,QTY,ม้วน,เศษ,Location,หมายเหตุ
,Suppliers,,,,,,,,,,,,,,
1,เชน่า อินเตอร์,RM2062205001,ผ้า SUNSCREEN 5% สี Grey/Black (SC-A1-510) หน้ากว้าง 2.50 เมตร ยาว 30 เมตร/ม้วน,เมตร,150,5,0,150,5,0,0,0,0,"WH2-C201,C105",(30x5)
2,เชน่า อินเตอร์,RM2062212002,ผ้า SUNSCREEN 3% RR-82 สีน้ำตาล หน้ากว้าง 3.00 ม. ยาว 30 ม.,เมตร,9.19,0,9.19,9.6,0,9.56,-0.41,0,-0.37,WH2-C105,เศษ9.19
3,เชน่า อินเตอร์,RM2062302006,ผ้า SUNSCREEN 5% สี Grey/Grey (SC-A1-506) หน้ากว้าง 3.00 เมตร ยาว 30 เมตร/ม้วน (หมดแล้วหมดเลย),เมตร,21.7,0,21.7,24.45,0,24.45,-2.75,0,-2.75,WH2-C105,เศษ5.7+16
4,เชน่า อินเตอร์,RM2062306002,ผ้า SUNSCREEN 5% สี Brown/Black (SC-A1-508) หน้ากว้าง 2.50 เมตร ยาว 30 เมตร/ม้วน,เมตร,270.85,8,30.85,277.35,8,41.89,-6.5,0,-11.04,WH2-C105;C201,(30x8)+4.15+2.5+13.35+3.35+7.5
5,เชน่า อินเตอร์,RM2062406002,ผ้า SUNSCREEN 5% สี Grey/Black (SC-A1-510) หน้ากว้าง 3 เมตร ยาว 30 เมตร/ม้วน,เมตร,332.35,10,32.35,332.91,10,33.25,-0.56,0,-0.9,"WH2-C301,C105",(30x10)+3.8+8.8+4.5+3.1+8+4.15
6,เชน่า อินเตอร์,RM2062412002,ผ้า SUNSCREEN 5% สี Brown/Black (SC-A1-508) หน้ากว้าง 3.00 เมตร ยาว 30 เมตร/ม้วน,เมตร,150,5,0,150,5,0,0,0,0,"WH2-C305,C105",(30x5)
7,ซี อี เอส,RM2061910003,ผ้า Solar Sand สีเขียวแก่ Forest Green 6687/F-014 W 2.04 m.x 100 m./R.,เมตร,400,4,0,445.13,3,143.13,-45.13,1,-143.13,"WH4-A102,A202",ตำนิ100x4
8,ซี อี เอส,RM2061910004,ผ้า Solar Sand สีเทาอ่อน Earth Grey 6088/E-005 W 2.04 m.x 100 m./R.,เมตร,1450.3,13,150.31,1394.96,13,149.63,55.35,0,0.68,"WH4-A102 , WH2-C104",(100+8)40+4.18+2.34+4.31+3.97+5.12+4.00+1.63+1.42+3.37+2+1.71+3.8+4.6+1.5+2.88+2+3.60+2.30+3.06+2.72+53.80
9,ซี อี เอส,RM2061910005,ผ้า Solar Sand สีเทาเข้ม Deep Grey 8203/D-055 W 2.04 m.x 100 m./R.,เมตร,1019,11,149.07,1329.51,13,110.51,-310.51,-2,38.56,"WH2-C104 , WH4-A202",(100x9)75.9+26.35+30+6.8+3.4+3.39+1.23+2+92..ตำนิ(60x1)(59x1)
10,ซี อี เอส,RM2061910006,ผ้า Solar Sand สีน้ำตาล Olive Brown 4621/O-026 W 2.04 m.x 100 m./R.,เมตร,1455,15,4,1565.55,16,18.55,-104.55,-1,-14.55,"WH2-C203 , A101",(100x13)(68x1)(92x1)+4
11,ซี อี เอส,RM2061910007,ผ้า Solar Sand สีน้ำเงิน Navy Blue 6022/N-041 W 2.04 m.x 100 m./R.,เมตร,1600,19,64.05,1752.25,20,35.25,-152.3,-1,28.8,"WH2-A101,C204",(100x15)(37x1)(50x1)(36x1)(41x1)+29.05+5+30
12,ซี อี เอส,RM2061910008,ผ้า Solar Sand สีเลือดหมู Burgundy 8206/B-333 W 2.04 m.x 100 m./R.,เมตร,1617.9,17,66.9,1611.35,17,67.35,6.55,0,-0.45,"WH2-A101,C203",(100x14)(79x1)(17x1)(45x1)+10.1+56.8
13,ซี อี เอส,RM2062311001,ผ้า Solar Sand สีกากี Khaki K068 W 2.04 m.x 100 m./R.,เมตร,1245.6,12,45.56,1291.64,12,92.44,-46.08,0,-46.88,WH2-C204,(100x12)+21.07+3+2.3+1.68+2+2+3.3+1+0.9+2.33+1.93+4.05 ตำนิ3.1+3.1+5.6+.3+3
14,ซี อี เอส,RM2062403013,ผ้าDUO สีเขียวตอง#65 รุ่นสองหน้า Green/Grey หนา 30 มิล กว้าง 2.05 เมตร.ยาว 45 ม./ม้วน,เมตร,45,1,0,45,1,0,0,0,0,WH2-C203,45x1
15,ซี อี เอส,RM2062403014,ผ้าDUO สีเขียว#674 หนา 30 มิล กว้าง 2.05 เมตร ยาว 45 เมตร/ม้วน,เมตร,45,1,0,45,1,0,0,0,0,WH2-C203,45x1
16,C E S.,RM2061908001,ผ้า Solar Sand K-2128T (LW45) สีเลือดหมู หนา 50mm. หน้ากว้าง 2.04cm. ยาว 10 เมตร,เมตร,0,0,0,10,1,0,-10,-1,0,WH2-A205,
17,C E S.,RM2061908002,ผ้า Solar Sand K-8123T (LW45) สีเทา หนา 50mm. หน้ากว้าง 2.04cm. ยาว 10 เมตร,เมตร,0,0,0,2.4,1,0,-2.4,-1,0,WH2-A205,
18,C E S.,RM2062007001,ผ้า Solar Sand สีครีม W 3.20 m.x 50 m./R.,เมตร,38,0,24.5,38.8,0,38.8,-0.8,0,-14.3,WH2-C102,เศษ 9.90+1.8+4.3+4.5+4.5
19,C E S.,RM7070367060,ผ้า PVC โปร่งแสง Solar View สี Gold 007 หน้ากว้าง 1.80 ม.,เมตร,1200,24,0,1219.57,23,55.37,-20,-1,-55.4,WH4-B305,(50x24)
20,สหแสงทอง,RM2062006001,ผ้าสานสีน้ำเงิน/สองหน้า (63 เมตร/ม้วน),เมตร,378,6,0,378,6,0,0,0,0,WH2-A201,(63x6)
21,สหแสงทอง,RM7070152001,ผ้า PVC HC สีขาว HC-001 หน้ากว้าง 1.13 ม. ม้วนละ90 เมตร,เมตร,536.45,5,86.45,551.91,5,85.35,-15.46,0,1.1,"WH2-D107,E105",(90x5)+76.45+10
22,สหแสงทอง,RM7070152002,ผ้า PVC HC สีครีม HC-002 หน้ากว้าง 1.13 ม. ม้วนละ 90 เมตร,เมตร,510.85,5,60.85,516.01,6,-5.8,-5.16,-1,55.05,"WH2-D105,D106,E105",(90x5)+9.75+3
23,สหแสงทอง,RM7070152003,ผ้า PVC HC สีเทา HC-005 หน้ากว้าง 1.13 ม. ม้วนละ 90 เมตร,เมตร,524.1,5,74.1,541.8,5,100.15,-17.7,0,-26.05,"WH2-D106,E105",(90x5)+74.1
24,สหแสงทอง,RM7070152004,ผ้า PVC HC สีเทาอ่อน HC-011 หน้ากว้าง 1.13 ม.,เมตร,260.65,2,80.65,243.01,2,63.69,17.64,0,16.96,"WH2-D105,E105",(90x2)+5.2+5+2
25,สหแสงทอง,RM7070152005,ผ้า PVC HC สีเหลืองมะนาว HC-012 หน้ากว้าง 1.13 ม.,เมตร,257.6,2,77.6,264.35,2,101.07,-6.75,0,-23.47,"WH2-D104,E105",(90x2)+57.4+15.2+5
26,สหแสงทอง,RM7070152006,ผ้า PVC HC สีแดง HC-016 หน้ากว้าง 1.13 ม.,เมตร,173.7,1,90,92,1,54.2,81.7,0,35.8,"WH2-D106,E105",(90x1)+20+20+50
27,สหแสงทอง,RM7070152007,ผ้า PVC HC สีเขียวขี้ม้า HC-019 หน้ากว้าง 1.13 ม.,เมตร,490.4,4,130.4,450.84,4,52.14,39.56,0,78.26,"WH2-D106,E105",(90x4)+65+57.4
28,สหแสงทอง,RM7070152008,ผ้า PVC HC สีฟ้าน้ำเงิน HC-041 หน้ากว้าง 1.13 ม.,เมตร,562.8,3,192.8,452.36,3,157,10.44,0,35.8,"WH2-D105,E105",(90x3)+62+55+57.1
29,สหแสงทอง,RM7070152009,ผ้า PVC HC สีชมพู HC-545 หน้ากว้าง 1.13 ม.,เมตร,167.4,1,77.4,170.4,1,80.4,-3,0,-3,WH2-E105,(90x1)+73.7+4
30,สหแสงทอง,RM7070152010,ผ้า PVC HC สีเขียวอ่อน HC-869 หน้ากว้าง 1.13 ม.,เมตร,1022,10,122,1004.25,10,104.2,17.75,0,17.8,"WH2-D104,P001,E105",(90x10)+47+75
31,สหแสงทอง,RM7070152011,ผ้า PVC HC สีฟ้าสว่าง HC-870 หน้ากว้าง 1.13 ม.,เมตร,405.4,4,45.4,401.5,4,53.23,3.9,0,-7.83,"WH2-D104,E105",(90x4)+39.4
32,สหแสงทอง,RM7070152012,ผ้า PVC HC สีม่วงอ่อน HC-298 หน้ากว้าง 1.08 ม.,เมตร,143.55,1,53.55,151.65,1,64.65,-8.1,0,-11.1,"WH2-D105,E105",(90x1)+53.55
33,สหแสงทอง,RM7070152013,ผ้า PVC HC สีส้ม HC-046 หน้ากว้าง 1.13 ม.,เมตร,270,3,0,277.26,3,16.85,-7.26,0,-16.85,"WH2-D105,E105",(90x3)
34,สหแสงทอง,RM7070152014,ผ้า PVC HC สีดำ HC-049 หน้ากว้าง 1.13ม.,เมตร,480,5,30,525.48,5,37.67,-45.48,0,-7.67,"WH2-D106,E105",(90x5)+10+20
35,สหแสงทอง,RM7070152015,ผ้า PVC HC สีเหลือง HC-077 หน้ากว้าง 1.08 ม.,เมตร,381.9,4,21.9,397.25,4,21.9,-15.35,0,0,"WH2-D105,E105",(90x4)+21.9
36,สหแสงทอง,RM7070152016,ผ้า PVC HC สีกรมท่า HC-291 หน้ากว้าง 1.13 ม.,เมตร,551.73,6,101.75,625.23,6,80,-73.5,0,21.73,"WH2-D105,E105",(90x6)+13+67.35
37,สหแสงทอง,RM7070152017,ผ้า PVC HC สีเขียว HC-701 หน้ากว้าง 1.13 ม.,เมตร,584,6,44,555.65,6,33.25,-28.35,0,10.75,"WH2-D104,E105",(90x6)+15
38,สหแสงทอง,RM7070152018,ผ้า PVC HC สีม่วงเข้ม HC-398 หน้ากว้าง 1.08 ม.,เมตร,11.41,0,11.41,14.11,0,14.11,-2.7,0,-2.7,"WH2-D105,E105",-
39,สหแสงทอง,RM7070152019,ผ้า PVC HC สีน้ำตาลอ่อน HC-000 หน้ากว้าง 1.13 ม,เมตร,350.6,3,80.6,354.23,3,88.2,-3.65,0,-7.6,"WH2-D107,E105",(90x3)+71.6
40,สหแสงทอง,RM7071402001,ผ้า Super EG888 สีเขียวขี้ม้า หน้ากว้าง 1.07 ม.,เมตร,33,0,33,33,0,25.9,0,0,7.1,WH2-C107,เศษม้วนเก่า 33 ม.
41,สหแสงทอง,RM7071402003,ผ้า Polyester สีขาว หน้ากว้าง 1.50 เมตร (เคลือบหน้าเดียว),เมตร,0,0,0,17,0,17,-17,0,-17,WH2-A305,0
42,สหแสงทอง,RM90520AA021,ผ้าสานสีน้ำเงิน/หน้าเดียว (63 เมตร/ม้วน),เมตร,441,7,0,504,8,0,-63,-1,0,WH2-A201,
43,Gale Pacific,RM2061409002,Commercial 95 Dessert Sand # 444983 หน้ากว้าง 3.00 ม. (40 ม./ม้วน),เมตร,257.06,5,57.06,318.54,7,42.28,-61.4,-2,14.78,"WH2-D203,D206",(40x5)+15+4.3+4+1.5+3.4+3+2.28+2+4.3+2+4
44,Gale Pacific,RM2061409003,Commercial 95 Natural 445003 หน้ากว้าง 3.00 ม. (40 ม./ม้วน),เมตร,473.74,11,33.74,505.46,11,65.46,-31.72,0,-33.72,WH2-D301,(40x11)+5+5+3.45+13.29+4+2+2
45,Gale Pacific,RM2061506007,Commercial 95 RIVER GUM GREEN # 445027 หน้ากว้าง 3.00 ม. (40 ม./ม้วน),เมตร,434,10,34,433.45,10,34,0.5,0,0,WH2-D306,(40x10)+34
46,Gale Pacific,RM2061506008,Commercial 95 BRUNSWICK GREEN # 444952 หน้ากว้าง 3.00 ม. (40 ม./ม้วน),เมตร,462.2,10,62.2,457.55,10,40.2,24.65,0,22,"WH2-D302,D205,D303",(40x10)+25.2+4
47,Gale Pacific,RM2061506009,Commercial 95 STEEL GREY # 445041 หน้ากว้าง 3.00 ม. (40 ม./ม้วน)/,เมตร,501.6,10,101.6,506.23,10,94.5,-4.63,0,7.1,"WH2-D204,D205",(40x10)+2+2+6+10.1+23.7+7.8+2+3+5+5+7+8+7+6+4+3)
48,Gale Pacific,RM2061506010,Commercial 95 AQUATIC BLUE # 444938 หน้ากว้าง 3.00 ม. (40 ม./ม้วน) /,เมตร,319.4,7,39.4,319.68,7,29.4,-0.28,0,10,WH2-D302,(40x7)+9
49,Gale Pacific,RM2061510003,Commercial 95 CAYENNE # 455255 หน้ากว้าง 3.00 ม. (40 ม./ม้วน) หมดแล้วหมดเลย,เมตร,72.82,1,32.82,47.27,1,7.9,25.55,0,24.92,WH2-D304,(40x1)+9+9+3+6.3+5.52
50,Gale Pacific,RM2061510004,Commercial 95 CEDAR # 465360 หน้ากว้าง 3.00 ม. (40 ม./ม้วน)หมดแล้วหมดเลย,เมตร,61.3,1,21.3,101.9,2,21.9,-40.6,-1,-0.6,WH2-D303,(40x1)+21.30
51,Gale Pacific,RM2061511001,Commercial 95 TURQUOISE # 445065 หน้ากว้าง 3.00 ม. (40 ม./ม้วน),เมตร,596,13,76,580.38,13,74.88,15.62,0,1.12,"WH2-D204,D305",(40x13)+30+18
52,Gale Pacific,RM2061605001,Commercial 95 YELLOW # 445072 หน้ากว้าง 3.00 ม. (40 ม./ม้วน),เมตร,342,8,22,351.55,8,12.1,-9.55,0,9.9,WH2-D304,(40x8)2+2+2+2+2+12
53,Gale Pacific,RM2062110001,Commercial 95 Black 444945 หน้ากว้าง 3.00 ม. (40 ม./ม้วน),เมตร,140,3,20,149,3,29,-9,0,-9,"WH2-D303 , D204",(40x3)+20
54,Gale Pacific,RM2062112001,Commercial Heavy 430gsm./ 3.00x40M Dessert sand 484309,เมตร,43.7,1,3.7,43.7,1,3.7,0,0,0,WH2-D203,(40x1)+3.7
55,Gale Pacific,RM2062112002,Commercial Heavy 430gsm. / 3.00x40M Steel Grey 484408,เมตร,138,3,18,138,3,18,0,0,0,WH2-B202,(40x3)+18
56,Gale Pacific,RM2062112003,Commercial DualShade 350gsm./ 3.00x40M Savanna 492724,เมตร,272.95,6,32.95,287.35,6,47.35,-14.4,0,-14.4,"WH2-D303,D305",(40x6)+23+9.95
57,Gale Pacific,RM2062112004,Commercial DualShade 350gsm. / 3.00x40M Cobblestone 491178,เมตร,0,0,14.6,0,0,0,0,0,14.6,WH2-D303,14.6
58,Gale Pacific,RM2062211005,G325 Shade Cloth - of White 3m x 50m /สีครีมงาช้าง 499884,เมตร,425,8,25,429.5,8,20.5,-4.5,0,4.5,WH2-D305,(50x8)+25
59,Gale Pacific,RM2062211006,Commercial 95 Bright Green/สีเขียวสด # 459208 หน้ากว้าง 3.00 ม. (40 ม./ม้วน),เมตร,39.7,0,39.7,39.7,0,39.7,0,0,0,WH2-D205,39.7
60,Gale Pacific,RM2062301001,Commercial DualShade 350gsm./ 3.00x40M FR Cobblestone 496005,เมตร,109.2,2,29.2,113.2,2,33.2,-4,0,-4,WH2-D205,(40x2)+2+2+6+10.1+23.7+7.8+2+3+5+5+7+8+7+6+4+3
61,Gale Pacific,RM2062302001,G325 Shade Cloth - Grey 3m x 50m /สีเทา 499853,เมตร,319.15,5,69.15,312.1,5,63.05,7.05,0,-6.1,WH2-D206,(50x5)+38.25+40.9
62,Haining Hongyang,RM2062501002,ผ้าใบเต็นท์สีขาว HY1010-1 500D กว้าง 2.5 ม.ยาว 50 ม.,เมตร,10846,217,0,10846,217,0,0,0,0,"WH2-C101,102",(50x217)
63,Citel sl co'ltd,RM2061507003,ผ้า Acrylic สีน้ำตาลเข้มสลับสีกากี 016 หน้ากว้าง 1.20 ม(หมดแล้วหมดเลย),เมตร,6.89,0,6.89,11,0,11,-4.11,0,-4.11,"WH2-D103,E101,E102",6.89
64,Citel sl co'ltd,RM2061507004,ผ้า Acrylic สีเทาเข้มคาดดำสลับเทาอ่อน 645 หน้ากว้าง 1.20 ม.,เมตร,17.2,0,17.2,27.55,0,27.55,-10.34,0,-10.35,"WH2-E101,E102",17.2
65,Citel sl co'ltd,RM2061508002,"citel sl co,ltd (2)'!C8RM2062408004",เมตร,269,4,19,264.75,4,24.67,4.25,0,-5.67,"WH2-D103,E101,E102",(60x4)+19+5+5
66,Citel sl co'ltd,RM2061508003,ผ้า Acrylic สีเทาอ่อนสลับน้ำตาลลาย621 หน้ากว้าง 1.20 ม.(หมดแล้วหมดเลย),เมตร,0,0,0,12.85,0,13,-12.85,0,-13,"WH2-D202,E101,E102",
67,Citel sl co'ltd,RM2061601003,ผ้า Acrylic สีเทาอ่อนลาย 675 หน้ากว้าง 1.20 ม.,เมตร,158.32,2,32.22,248.08,2,106.49,-89.76,2,-74.27,"WH2-E102,A103",(60x1)+(66.10x1)+5+5.75+21.47
68,Citel sl co'ltd,RM2061611001,ผ้า Acrylic สีครีมคาดขาวลายไม้ 551 หน้ากว้าง 1.20 ม.(หมดแล้วหมดเลย),เมตร,0,0,0,0,0,0,0,0,0,"WH2-D103,E101,E102",
69,Citel sl co'ltd,RM2061611002,ผ้า Acrylic สีดำลาย 677 หน้ากว้าง 1.20 ม.,เมตร,900.08,14,67.37,945.28,14,78.88,-45.2,0,-11.51,"WH2-A101,D103,E101,E102",(60.01x9)+(59.98x1)+(52.30x1)+(60.46x1)+(65x1)+(54.88x1)+46.81+6.3+14.26
70,Citel sl co'ltd,RM2061706001,ผ้า Acrylic สีกาแฟสลับสีส้ม 524 หน้ากว้าง 1.20 ม.,เมตร,107.7,1,47.7,119.93,1,30.79,-12.93,0,16.91,WH2-D103,(60x1)+21+26.7
71,Citel sl co'ltd,RM2061706002,ผ้า Acrylic สีลายแดงเทาส้ม 662 หน้ากว้าง 1.20 ม.(หมดแล้วหมดเลย),เมตร,61.15,0,61.15,60.7,0,65.78,1.08,0,-4.63,"WH2-D103,E101,E102",3+2.05+4.7+4.2+47.2
72,Citel sl co'ltd,RM2062206001,ผ้า Acrylic สีน้ำตาลลาย 113 หน้ากว้าง 1.53 ม.,เมตร,11.75,0,11.75,11.75,0,11.75,0,0,0,WH2-D103,11.75
73,Citel sl co'ltd,RM2062209001,ผ้า Acrylic สีขาวสลับสีดำ 014 FR หน้ากว้าง 1.20 ม.,เมตร,170.7,2,50.7,194.26,2,35,-23.56,0,15.7,WH2-D103,(60x2)
74,Citel sl co'ltd,RM2062307001,ผ้า Acrylic สีฟ้าเข้ม 682 หน้ากว้าง 1.20 ม.,เมตร,120,2,0,120,2,0,0,0,0,WH2-B301,(60x2)
75,Citel sl co'ltd,RM2062408002,ผ้า Acrylic 01262 เท็กซเจอร์ วอลนัท 1.20ม.,เมตร,1,0,0,1,0,0,0,0,0,WH1-MEETINGROOM,
76,Citel sl co'ltd,RM2062408003,ผ้า Acrylic 00105 เท็กซเจอร์ กราโนล่า 1.20ม.,เมตร,1,0,0,1,0,0,0,0,0,WH1-MEETINGROOM,
77,Citel sl co'ltd,RM2062408004,ผ้า Acrylic 00231 ซอฟท์โบน 1.20ม.,เมตร,1,0,0,1,0,0,0,0,0,WH1-MEETINGROOM,
78,Citel sl co'ltd,RM2062408005,ผ้า Acrylic 00228 ซอฟท์ ซูเอด บราวน์ 1.20ม.,เมตร,1,0,0,1,0,0,0,0,0,WH1-MEETINGROOM,
79,Citel sl co'ltd,RM7070805001,ผ้า Acrylic สีขาว 001 หน้ากว้าง 1.20 ม.,เมตร,156.7,1,96.7,189.1,1,98.7,-32.4,0,-2,"WH2-A101,A303,E101,E102",(60x1)+55.95+40.75
80,Citel sl co'ltd,RM7070805002,ผ้า Acrylic สีแดง 040 หน้ากว้าง 1.20 ม.(หมดแล้วหมดเลย),เมตร,40.2,0,40.2,40.2,0,32.2,0,0,8,WH2-ชั้นบน,หมดแล้วหมดเลย
81,Citel sl co'ltd,RM7070805003,ผ้า Acrylic สีกาแฟ 005FR หน้ากว้าง 1.20 ม.,เมตร,0,0,0,3.2,0,3.2,3.2,0,3.2,WH2-D103,
82,Citel sl co'ltd,RM7070805005,ผ้า Acrylic สีฟ้าเข้ม 007 หน้ากว้าง 1.20 ม.,เมตร,508,8,23.2,526.54,8,59.71,-18.54,0,-36.5,"WH2-A101,A103,D103,E101,E102",(60x7)+(65x1)+15.2+8
83,Citel sl co'ltd,RM7070805006,ผ้า Acrylic สีขาวสลับน้ำเงิน 012 หน้ากว้าง 1.20 ม.,เมตร,430.84,7,9.48,434.48,7,3.4,-3.64,0,6.08,"WH2-D103,A101",(60x3)+60.8+60.05+60.01+60
84,Citel sl co'ltd,RM7070805008,ผ้า Acrylic สีขาวสลับครีม 044 หน้ากว้าง 1.20 ม.,เมตร,150.63,2,30.6,203.59,3,23.55,-52.96,-1,7.05,"WH2-D103,B301,A303,E101,E102",(60.02x1)+(60.01x1)+30.6
85,Citel sl co'ltd,RM7070805010,ผ้า Acrylic สีเทา 067 หน้ากว้าง 1.20 ม.,เมตร,760.14,13,60.78,901.89,13,148.67,-141.75,0,-87.89,"WH2-D103,A103,E101,E102",(60x5)+53.34+(60.01x2)+53.8+53+54.6+64.6+44.58+5.6+10.6
86,Citel sl co'ltd,RM7070805011,ผ้า Acrylic สีกากี 068 หน้ากว้าง 1.20 ม.,เมตร,333.14,5,72.01,313.29,5,17.13,19.85,0,-54.88,"WH2-A304-E101,E102",51.71+43.54+44.57+58.86+30+27.61+14.41
87,Citel sl co'ltd,RM7070805012,ผ้า Acrylic สีเทาเข้ม 098 หน้ากว้าง 1.20 ม.,เมตร,1167.3,18,72.5,1254.09,18,105.91,-86.8,0,-33.41,"WH2-E102,C205,A304",(60.01x3)+60+60.04+60.01+60.01+60+60+60.02+60.02+60.01+60.05+60.01+60.01+60.86+60.01+60.01
88,Citel sl co'ltd,RM7070805013,ผ้า Acrylic สีน้ำตาลลาย 113 หน้ากว้าง 1.20 ม.,เมตร,1031.9,16,57.71,1114.58,16,85.36,-82.68,0,-27.65,"WH2-A101,D103,A303,E101,E102",(60.01x9)+69.03+60.01+65+60+60.05+60.01+60+7.4+16.1+7+7.5+19.71
89,Citel sl co'ltd,RM7070805014,ผ้า Acrylic สีอิฐลาย 184 หน้ากว้าง 1.20 ม.,เมตร,40.97,0,40.97,40.22,0,40.22,0.75,0,0.75,"WH2-E101,A304,D103",21.97+19
90,Citel sl co'ltd,RM7070805015,ผ้า Acrylic สีส้มอิฐสลับครีม 018 หน้ากว้าง 1.20 ม.,เมตร,119.8,1,30.6,155.47,1,78.45,-35.67,0,-47.85,"WH2-D103,E101,E102",53.2+40+14.8+11.8
91,Citel sl co'ltd,RM7070805016,ผ้า Acrylic สีแสด 004 หน้ากว้าง 1.20 ม.,เมตร,356,5,55.9,360.59,5,58.65,-4.59,0,-2.75,"WH2-A101,D103,E101,E102",(60.01x2)+60.05+60.02+60.01
92,Citel sl co'ltd,RM7070805017,ผ้า Acrylic สีเหลือง 003 หน้ากว้าง 1.20 ม.,เมตร,75.84,1,15.84,92.83,1,25.23,-16.99,0,-9.39,"WH2-A101,E101.E102",60+15.84
93,Citel sl co'ltd,RM7070805018,ผ้า Acrylic สีส้มอิฐ 036 หน้ากว้าง 1.20 ม.,เมตร,343.05,5,43.1,314.07,5,13.71,28.98,0,29.39,"WH2-D103,E101,E102",60+60.01+60.01+59.93+60+31.60+11.5
94,Citel sl co'ltd,RM7070805019,ผ้า Acrylic สีเหลืองสลับขาว 011 หน้ากว้าง 1.20 ม.,เมตร,280.3,4,34.8,280.43,4,34.13,-0.13,0,0.67,"WH2-D103,E101,E102",34.8
95,Citel sl co'ltd,RM7070805020,ผ้า Acrylic สีเขียวแก่สลับขาว 019 หน้ากว้าง 1.20 ม.,เมตร,487.56,7,71.41,479.67,7,59.59,-7.89,0,11.82,"WH2-D103,E101,E102,A303",60+60.01+60.01+56.04+60.02+60.06+60.01
96,Citel sl co'ltd,RM7070805021,ผ้า Acrylic สีแดงสลับขาว 028 หน้ากว้าง 1.20 ม.,เมตร,176.14,3,19.55,173.19,3,22.57,2.95,0,-3.02,"WH2-D103,E101,E102",(60x2)+36.59+19.55
97,Citel sl co'ltd,RM7070805023,ผ้า Acrylic สีน้ำเงิน 077 หน้ากว้าง 1.20 ม.,เมตร,186,3,6,158.33,2,38.26,27.67,1,-32.26,"WH2-A303,E101,E102",(60x3)+6
98,Citel sl co'ltd,RM7070805034,ผ้า Acrylic สีครีมเข้ม 181 หน้ากว้าง 1.20 ม. (หมดแล้วหมดเลย),เมตร,0,0,0,34.78,0,40.28,-34.78,0,-40.28,WH2-C203,
99,Citel sl co'ltd,RM7070805036,ผ้า Acrylic สีแดงเข้ม 035 หน้ากว้าง 1.20 ม.,เมตร,163.6,2,43.6,196.55,2,96.64,-32.95,0,-53.04,"WH2-E101,E102,D103",(60x2)+43.6
100,Citel sl co'ltd,RM7070805039,ผ้า Acrylic สีส้มลาย 487 หน้ากว้าง 1.20 ม.,เมตร,65,1,5,75.95,1,20.75,-10.95,0,-15.75,"WH2-D201,E101,E102",(60x1)+5
101,Citel sl co'ltd,RM7070805041,ผ้า Acrylic สีแดงลาย 109 หน้ากว้าง 1.20 ม.,เมตร,38.4,0,38.4,50.55,0,52.9,-12.15,0,-14.5,"WH2-D201,E101,E102",38.4
102,Citel sl co'ltd,RM7070805042,ผ้า Acrylic สีขาวสลับสีดำ 014 หน้ากว้าง 1.20 ม.,เมตร,1933.2,32,36,1936.84,31,54.34,-3.63,1,-18.34,"WH2-E102,A204,A302,E106",(60x10)+60.10+62.1+(65x3)+64+69+53.8+54.9+58.4+55.5+57.5+54.1+53.6+(60x2)+65.2+60.15+65.1+60+60.01+60.05
103,Citel sl co'ltd,RM7070805043,ผ้า Acrylic สีขาวสลับสีเทาอ่อน 017 หน้ากว้าง 1.20 ม.,เมตร,409.03,6,49.26,448.4,6,87.09,-39.37,0,-37.83,"WH2-E102,D103",60.10+59.84+60+59.83+(60x2)+9.35+39.91
104,Citel sl co'ltd,RM7070805044,ผ้า Acrylic สีเขียวสด 006 หน้ากว้าง 1.20 ม.,เมตร,561.79,9,22.8,545.27,9,19.54,-16.52,0,-3.26,"WH2-A204,D103,E101",(60x4)+59.59+59.38+60.01+60.01+60
105,Citel sl co'ltd,RM7070805045,ผ้า Acrylic สีดำ 039 หน้ากว้าง 1.20 ม.,เมตร,153.68,3,0,177.5,3,43.17,-23.82,0,-43.17,"WH2-A303,D1013,E101,E102",51.64+50.04+52.01
106,Citel sl co'ltd,RM7070805046,ผ้า Acrylic สีเลือดหมู 060 หน้ากว้าง 1.20 ม.,เมตร,222,3,42,296.39,3,60.98,-74.39,0,-18.98,"WH2-A304,D103,E101,E102",(60x3)+42
107,Citel sl co'ltd,RM7070805047,ผ้า Acrylic สีเขียวแก่ 072 หน้ากว้าง 1.20 ม.,เมตร,223.83,3,43.76,254.68,3,86.84,-30.85,0,-43.08,"WH2-A304,A303,D103,E101,E102",60.03+60.04+60+11.8+10+6.5+7+6.73+1.73
108,Citel sl co'ltd,RM7070806002,ผ้า Acrylic สีครีม 7548 MAX หน้ากว้าง 1.20 ม.(หมดแล้วหมดเลย),เมตร,41.5,0,41.5,41.5,0,41.5,0,0,0,WH2-C203,41.5
109,Sioen Asia Pacific,RM2061905004,ผ้า Solar max สีเทาอ่อน 7001 (Sioen B8064) (630g) หน้ากว้าง 2.50 ม. ยาว 65 ม.,เมตร,176.5,2,46.5,183.44,2,56.14,-6.44,0,-9.64,"WH2-B201,B104",(65x2)+4.2+5+6.3+7+4+9+6+5
110,Sioen Asia Pacific,RM2061911002,ผ้า Sioen T0108FA/T0117FA(650g) สีขาว 9909 หน้ากว้าง 3.00 ม ยาว 100 ม.,เมตร,1061,9,161,998.39,9,81.69,62.62,0,79.31,"WH2-B102,B204",(100x9)+60+21+3+7+1.5+70
111,Sioen Asia Pacific,RM2062101003,ผ้า Sioen T1108/T1117F (725g) สีขาว 9909F หน้ากว้าง 3.00 ม ย.100 ม./,เมตร,722.25,7,22.25,821.1,7,118.3,-97.85,0,-96.05,WH2-B305,(100x7)+22.25
112,Dongguan Aluno,RM2062403001,ผ้าใบ Solar Zip A0-0505(Grey) 0% หน้ากว้าง 3.0 ม.ยาว 30 ม.,เมตร,67.9,2,7.1,71.9,2,11.9,-4,0,-4,WH2-B103,30+30+739
113,Dongguan Aluno,RM2062403002,ผ้าใบ Solar Zip A0-9900(Black) 0% หน้ากว้าง 3.0 ม.ยาว 30 ม.,เมตร,90,3,0,90,3,0,0,0,0,WH2-B103,30x3
114,Dongguan Aluno,RM2062403003,ผ้าใบ Solar Zip A1-9905(Black/Grey) 1% หน้ากว้าง 3.0 ม.ยาว 30 ม.,เมตร,81.26,2,21.26,81.26,2,21.26,0,0,0,WH2-B103,30x2+21.26
115,Dongguan Aluno,RM2062403004,ผ้าใบ Solar Zip A1-0100(White) 1% หน้ากว้าง 3.0 ม.ยาว 30 ม.,เมตร,84,2,24,84,2,24,0,0,0,WH2-B 103,30x2+24
116,Dongguan Aluno,RM2062403005,ผ้าใบ Solar Zip A1-0505(Grey) 1% หน้ากว้าง 3.0 ม.ยาว 30 ม.,เมตร,131.4,4,11.4,131.7,4,11.7,-0.3,0,-0.3,WH2-B 103,30x4+11.4
117,Dongguan Aluno,RM2062403006,ผ้าใบ Solar Zip A5-0100(White) 5% หน้ากว้าง 3.0 ม.ยาว 30 ม.,เมตร,30,1,0,30,1,0,0,0,0,WH2-C205,30
118,Dongguan Aluno,RM2062403007,ผ้าใบ Solar Zip A5-0102(White/Cream) 5% หน้ากว้าง 3.0 ม.ยาว 30 ม.,เมตร,28.2,0,0,30,1,0,-1.8,-1,-1.8,WH2-C205,28.2
119,Dongguan Aluno,RM2062403008,ผ้าใบ Solar Zip A5-2699(Black/Brown) 5% หน้ากว้าง 3.0 ม.ยาว 30 ม.,เมตร,30,1,0,30,1,0,0,0,0,WH2-C205,30
120,Dongguan Aluno,RM2062403009,ผ้าใบ Solar Zip A5-9900(Black) 5% หน้ากว้าง 3.0 ม.ยาว 30 ม.,เมตร,26.75,0,26.75,26.75,0,26.75,0,0,0,WH2-C205,26.75
121,Dongguan Aluno,RM2062403010,ผ้าใบ Solar Zip A5-9905(Black/Grey) 5% หน้ากว้าง 3.0 ม.ยาว 30 ม.,เมตร,22.3,0,22.3,22.6,0,22.6,-0.3,0,-0.3,WH2-C205,22.3
122,Dongguan Aluno,RM2062403011,ผ้าใบ Solar Zip A5-0105(White/Grey) 5% หน้ากว้าง 3.0 ม.ยาว 30 ม.,เมตร,27.15,0,27.05,25.95,0,25.95,1.1,0,1.1,WH2-C205,27.05
123,Dongguan Aluno,RM2062403012,ผ้าใบ Solar Zip A5-2600(Brown) 5% หน้ากว้าง 3.0 ม.ยาว 30 ม.,เมตร,30,1,0,30,1,0,0,0,0,WH2-C205,30
124,Dongguan Aluno,RM2062404001,ผ้าใบ Solar Zip A0-2600(Black Brown) 0% หน้ากว้าง 3.0 ม.ยาว 27 ม.,เมตร,27,1,0,34,1,0,-7,0,0,WH2-B103,27
125,Dongguan Aluno,RM2062404002,ผ้าใบ Solar Zip A5-4050(Black/Dark Grey) 5% หน้ากว้าง 3.0 ม.ยาว 30 ม.,เมตร,0,0,0,0,0,0,0,0,0,WH2,
126,Dongguan Aluno,RM2062411001,ผ้าใบ Solar Zip A0-0100 (white) 0% หน้ากว้าง 3.0 ม.ยาว 30 ม.,เมตร,90,3,0,90,3,0,0,0,0,"WH2-B103,C103",30x3
127,Dongguan Aluno,RM2062411002,ผ้าใบ Solar Zip A1-0680(beige) 1% หน้ากว้าง 2.5 ม.ยาว 30 ม.,เมตร,30,1,0,30,1,0,0,0,0,WH2-B103,
128,Achkles Hongkong,RM2061412001,ผ้า Vinistar Soft UV (PVC) สีส้ม 0.50 mm. หน้ากว้าง 1.37 ม. ยาว 20 เมตร,เมตร,9,0,9,14.7,0,14.7,-5.07,0,-5.7,"WH2-A201,E104",
129,Achkles Hongkong,RM7070412001,ผ้า Vinistar Super สีใส 0.75mm.x137cm.x30m./roll,เมตร,516.17,16,16.17,509.95,17,0.2,6.17,-1,15.9,"WH2-A105,E104",(30x16)+2.72+5.05+2+26.4
130,Achkles Hongkong,RM7070412002,ผ้า Vinistar Super สีใส 1.00mm.x137cm.x30m./roll,เมตร,672.2,22,12.2,672.2,22,12.32,0,0,0.12,"WH2-A104,E104",(30x22)+12.2
131,Achkles Hongkong,RM7070412003,ผ้า Vinistar Soft UV (PVC) สีชา 0.75 mm. หน้ากว้าง 1.37 ม.,เมตร,55.2,1,25.2,50.78,2,0,4.42,-1,25.28,"WH2-A201,E104",30+20+5.2
132,Achkles Hongkong,RM7070412004,ผ้า Vinistar Soft UV (PVC) สีชา 1.00 mm. หน้ากว้าง 1.37 ม./,เมตร,13.7,0,13.7,12.7,0,0,1,0,13.7,WH2-E104,13.7
133,Bros F&T,RM2061808001,ผ้าใบ PVC SOLAR VIEW สีน้ำตาล K-559 หนา 0.5 mm. หน้ากว้าง 1.50 ม.,เมตร,1500.6,29,50.55,1480.72,29,31.9,11.55,0,18.65,"WH2-B101,E103",
134,Sioen Industries,RM2061507006,ผ้า Solar max สีครีม 1623 (Sioen B8000)(630g) หน้ากว้าง 2.50 ม. ยาว 65 ม.,เมตร,465.15,6,75.15,413.45,6,52.93,51.2,0,22.22,WH2-A103,(65x6)+57+1.85+2+2+4+5.3+3
135,Sioen Industries,RM2061507012,ผ้า Solar max สีบรอนซ์เงิน 7500 (Sioen B8000) (630g) หน้ากว้าง 2.50 ม. ยาว 65 ม.,เมตร,196.93,2,66.93,195.55,2,39.94,1.38,0,26.99,"WH2-C102,A103",(65x2)+5+9.22+20
136,Sioen Industries,RM2061507014,ผ้า Solar max สีดำ 7999 (Sioen B8000)(630g) หน้ากว้าง 2.50 ม. ยาว 65 ม.,เมตร,195,3,0,195,3,0,0,0,0,WH2-A103,(65x3)
137,Sioen Industries,RM2061507015,ผ้า Solar max สีขาว 9002 (Sioen B8000) (630g) หน้ากว้าง 2.50 ม. ยาว 65 ม.,เมตร,1830.6,28,10.54,1846.92,27,97.32,-16.32,1,-86.78,WH2-A103,(65x27)+5.49+5.10
138,Sioen Industries,RM7070412004,ผ้า Vinistar Soft UV (PVC) สีชา 1.00 mm. หน้ากว้าง 1.37 ม./,เมตร,13.7,0,13.7,12.7,0,0,1,0,13.7,WH2-E104,13.7
139,Sioen Coated,RM2061909008,ผ้า Solar max สีครีม 1623 (Sioen B8064)(630g) หน้ากว้าง 2.50 ม. ยาว 65 ม.,MTS,14,0,14,19.4,0,19.4,-5,0,-5,WH2-B303,14
140,Sioen Coated,RM2061501016,ผ้า Sioen B-6000 (900g) สีเทาแก่ 7244 หน้ากว้าง 3.00 ม,MTS,60,0,60,33,0,0,27,0,60,"WH2-C101,B204",20+20+20
141,Sioen Coated,RM2061501017,ผ้า Solar max สีเลือดหมู 3017 (Sioen B7119 ) (900g) หน้ากว้าง 2.50 ม,MTS,123.3,1,58.3,123.5,1,58.5,-0.2,0,-0.2,WH2-C101,(65x1)+58.3
142,Sioen Coated,RM2061507007,ผ้า Solar max สีหลือง 1025 (Sioen B8000)(630g) หน้ากว้าง 3.20 ม.,MTS,6.9,0,6.9,18.85,0,21.05,-11.95,0,-14.15,WH2-C101,6.9
143,Sioen Coated,RM2061507009,ผ้า Solar max สีน้ำเงิน 5001 (Sioen B8000)(630g) หน้ากว้าง 3.20 ม. ยาว 65 ม.,MTS,48.33,0,48.33,48.33,0,48.5,0,0,-0.17,WH2-C101,48.33
144,Sioen Coated,RM2061507011,ผ้า Solar max สีเทาเข้ม 7024 (Sioen B8000) (630g) หน้ากว้าง 2.50 ม. ย.65 ม.,MTS,487.85,6,97.85,475.95,6,84.75,11.9,0,6.75,"WH2-A304,C102",(65x6)+55+20+8+2+3.7+2.1+4.5+2.55
145,Sioen Coated,RM2061507013,ผ้า Solar max สีน้ำตาล 8020 (Sioen B8000) (630g) หน้ากว้าง 2.50 ม. ย.65 ม.,MTS,15.68,0,15.68,27.9,0,27.9,-12.22,0,-12.22,WH2-C102,15.68
146,Sioen Coated,RM2061510002,ผ้า Sioen B-6000 (900g) สีขาวมุก 9013 หน้ากว้าง 3.00 ม.,MTS,37,0,37,37,0,37,0,0,0,WH2-C102,37
147,Sioen Coated,RM2061511002,ผ้า Sioen B-6000/1622 หน้ากว้าง 3.00 ม.,MTS,53.2,0,53.2,53.3,0,37,0,0,16.2,WH2-B204,37+16.2
148,Sioen Coated,RM2061606003,ผ้า Solar max สีเหลือง 1025 (Sioen B8000) (630g) หน้ากว้าง 2.50 ม 65 m.,MTS,143.3,2,13.3,154.3,2,38.5,-11,0,-25.2,WH2-C101,(65x2)+(64.8x1)+5.8+3.87+1
149,Sioen Coated,RM2061606004,ผ้า Solar max สีน้ำเงิน 5001 (Sioen B8000)(630g) หน้ากว้าง 2.50 ม. ยาว 65 ม,MTS,65.25,0,65.25,65.25,0,97.7,0,0,-32.45,WH2-C101,
150,Sioen Coated,RM2061608001,ผ้า Solar max สีเขียว 6001 (Sioen B8000) (630g) หน้ากว้าง 3.20 ม ยาว 65 ม.,MTS,205.47,3,10.67,219.42,3,7.35,-13.93,0,3.32,WH2-C101,(65x2)+(64.8x1)+5.8+3.87+1
151,Sioen Coated,RM2061707002,ผ้า Sioen B-7465 (450g) สีขาว 9917 หน้ากว้าง 2.50 ม. ยาว 65.00 ม.,MTS,2766.3,43,81.3,2758.45,43,84.91,7.85,0,-3.61,"WH2-D306,C202,C205",(65x43)+81.3 (รวมเศษ / พี่ณี)
152,Sioen Coated,RM2061805005,ผ้า Sioen T2118FA (1050g) สีขาว 9909 หน้ากว้าง 3.00 ม/ย.100 ม.,MTS,705.7,5,205.7,707.6,5,170.8,-1.9,0,34.9,WH2-B104,(100x5)+รวมเศษ 207.7
153,Sioen Coated,RM2061807004,ผ้า Sioen E1224/3188 สีส้ม (1200g). หน้ากว้าง 2.50 ม.,MTS,,,,213.9,3,54.9,,,,WH2-B102,
154,Sioen Coated,RM2061810001,ผ้า Sioen T1108/T1117F (725g) สีขาว 9909 หน้ากว้าง 2.50 ม. ยาว100 ม.,MTS,10,0,10,9.5,0,0,0.5,0,10,WH2-B301,10
155,Sioen Coated,RM2061810003,ผ้า Solar max สีดำ 7999 (Sioen B8064)(630g) หน้ากว้าง 2.50 ม. ยาว 65 ม.,MTS,88.5,0,88.5,51.4,0,64.05,37.1,0,24.45,WH2-B203,33.44+15.26+4.1+1.7+2+2+10+20
156,Sioen Coated,RM2061905002,ผ้า Solar max สีน้ำตาล 8020 (Sioen B8064) (630g) หน้ากว้าง 2.50 ม. ยาว 65 ม.,MTS,76,1,11,57.93,1,31.03,18.07,0,-21.03,WH2-B205,
157,Sioen Coated,RM2061905003,ผ้า Solar max สีส้ม 3018 (Sioen B8064) (630g) หน้ากว้าง 2.50 ม. ยาว 65 ม.,MTS,,,,130.83,2,5.83,,,,WH2-C101,
158,Sioen Coated,RM2062008001,ผ้า Sioen T0108F/T0117F(650g) สีขาว 9909F หน้ากว้าง 3.00 ม ยาว 100 ม.,MTS,176.06,1,76.6,163.8,0,125.18,12.26,1,-48.6,WH2-B102,(100x1)+76.6
159,Sioen Coated,RM2062101004,ผ้า Sioen T2118F (1050g) สีขาว 9909 หน้ากว้าง 3.00 ม/ย.100 ม.,MTS,600,6,0,647.7,6,116.7,-47.7,0,-116.7,"WH2-B201,B104",(100x6)
160,Sioen Coated,RM2062103003,ผ้า Sioen E1224/3188 สีส้ม (1200g). ขนาด 1.00x50 m. (18ม้วน),MTS,900,18,0,900,18,0,0,0,0,WH4-D501,(50x18)
161,Sioen Coated,RM2062103004,ผ้า Sioen E1224/3188 สีส้ม (1200g). ขนาด 1.45x20 m. (1 ม้วน),MTS,20,1,0,20,1,0,0,0,0,WH4-D501,(20x1)
162,Sioen Coated,RM2062207001,ผ้า Solar max สีส้ม 3018 (Sioen B6000) (1050g) หน้ากว้าง 3.00 ม. ยาว 60 ม.,MTS,132,2,12,157.1,2,76,-25,0,-25.1,WH2-B201,(60x2)+12
163,Sioen Coated,RM2062208001,ผ้า Solar max สีส้ม 3021 (Sioen B6000) (900g) หน้ากว้าง 3.00 ม. ยาว 58 ม.,MTS,1044,18,0,1044,18,0,0,0,0,WH2-B105,(58x18)
164,Sioen Coated,RM2062301002,ผ้า Solar max สีแดง 3001 (Sioen B8000) (630g)หน้ากว้าง 2.50 ม. ยาว 65 ม,MTS,111.45,1,46.45,118,1,53,-6.5,0,-6.55,WH2-C101,(65x1)+46.45
165,Sioen Coated,RM2062306003,ผ้า Solar max สีครีม 1623 (Sioen B8000)(630g) หน้ากว้าง 3.00 ม. ยาว 65 ม.,MTS,83.5,1,18.5,138.65,1,61.65,-55.2,0,-43.15,WH2-B305,(65x1)+5.3+10.3+2.9
166,Sioen Coated,RM2062312001,ผ้า Sioen B7182A (BLOCK OUT) สีขาว 9002 หน้ากว้าง 3.00 ม.,MTS,139.6,1,71.6,110.6,1,42.6,29.6,0,29.2,WH2-B305,(78x1)+24.4+12.2+35
167,Sioen Coated,RM7070209005,ผ้า Sioen B-6101 สีขาว 9002 หน้ากว้าง 2.50 ม.,MTS,55,1,0,55,1,0,0,0,0,WH2-B205,55
168,Sioen Coated,RM7070209006,ผ้า Sioen B-6000 (900g) สีขาว 9002 หน้ากว้าง 3.00 ม.,MTS,37,0,37,20,0,20,17,0,17,WH2-B205,37
169,Sioen Coated,RM7070209007,ผ้า Sioen B8288 (800g) สีขาว 9909 หน้ากว้าง 2.50 ม.,MTS,28.07,0,28.07,47.08,0,18.65,-19.01,0,9.42,WH2-C101,1.27+18+5.6+3.2
170,Sioen Coated,RM7070209008,ผ้า Sioen T-2107 (1050g) สีขาว 9909 หน้ากว้าง 2.50 ม.,MTS,43,0,43,9.17,0,9.17,33.83,0,33.83,WH2-C102,7+28+8
171,Sioen Coated,RM7070209009,ผ้า Sioen T-0107 (650g) สีขาว 9909 หน้ากว้าง 2.50 ม.,MTS,92.55,0,92.55,137.25,0,93.55,-44.75,0,-1,WH2-B303,2+12+10+23+10+2+35.55
172,Sioen Coated,RM7070209012,ผ้า Sioen B-7119 (900g) สีเหลือง 1001 หน้ากว้าง 3.20 ม.,MTS,60,0,60,60,0,60,0,0,0,WH2-C101,60
173,Sioen Coated,RM7071309001,ผ้า Sioen M-5550 (250g) สีขาว 9917 (ผ้าตาข่าย) หน้ากว้าง 3.20 ม. ยาว 50 เมตร,MTS,850,16,50,857.3,16,73.4,-7,0,-23.4,WH2-B103,(50x16)+36.2+3.8+10
174,Sioen Coated,RM7071309002,ผ้า Sioen B-7122 (580 g) สีครีม 9920 หน้ากว้าง 2.50 ม.,MTS,150,2,30,53.5,0,53.5,96.5,2,-23.5,"WH2-B204,C101",(60x2)+30
175,Sioen Coated,RM7071311003,ผ้า Sioen P-2354 สีขาว 9917 หน้ากว้าง 3.00 ม.,MTS,55,1,0,55,1,0,0,0,0,WH2-B205,55
176,ไทวา พลาสติก,RM2061512003,ผ้า PVC โปร่งแสง Solar View สีน้ำตาลใส 559 หน้ากว้าง 1.55 m. (แบบบาง),เมตร,0,0,0,47,0,0,0,0,-47,WH2-C203,
177,ไทวา พลาสติก,RM2061805001,ผ้า PVC โปร่งแสง Solar View สีโอรส หน้ากว้าง 1.50 m.,เมตร,40.7,0,40.7,46.84,0,45.53,-6.14,0,-4.83,WH2-E103,40.7
178,ไทวา พลาสติก,RM2061805002,ผ้า PVC โปร่งแสง Solar View สีเหลือง หน้ากว้าง 1.50 m.,เมตร,72.8,1,22.8,73.2,1,53.8,-0.4,0,-31,"WH2-A102,E103",22.8+50
179,ไทวา พลาสติก,RM2062303001,ผ้า PVC โปร่งแสง Solar View สีเทา 005 หนา 0.48mm /หน้ากว้าง 1.50 m. ยาว 50 เมตร/1 ม้วน,เมตร,1186.4,22,93.39,1164.7,22,97.24,21.69,0,-4,"WH2-A102,A205,E103",(50x20+43+50+4.9+10.65+2.64+1.95+2.15+3.6+3+14+12+9.2+8.7+3.9+4.85+2.55+9.3
180,ไทวา พลาสติก,RM7070350002,ผ้า PVC โปร่งแสง Solar View สีขาวใส 101 หนา 0.48mm /หน้ากว้าง 1.50 m. ยาว 50 เมตร/1 ม้วน,เมตร,638.5,5,91.4,384.5,5,111.01,254,0,-19.61,"WH2-A102, E103",48+49+57+(50x2)+12.2+3+3.4+16.3+11.1+2.4+7.3+4.5+2+21+4.45+3.75
181,ไทวา พลาสติก,RM7070350003,ผ้า PVC โปร่งแสง Solar View สีน้ำตาลใส 559 หน้ากว้าง 1.50 m.,เมตร,30.1,0,30.1,30.1,0,50.54,0,0,-20.44,WH2-E103,30.1
182,ไทวา พลาสติก,RM7070350005,ผ้า PVC โปร่งแสง Solar View สีเขียวมรกต 752 หน้ากว้าง 1.50 m.(หมดแล้วหมดเลย),เมตร,336.39,6,21.39,341.26,6,45.54,-4.87,0,-24.15,"WH2-A102,E103",(50x5)+65+21.39
183,โบตาด,RM2061408002,ผ้า Solar Screen สี White/ Dark Ivory N-017 หน้ากว้าง 2.50 ม 5%,เมตร,,,,18.75,0,0,,,,WH2-C105,
184,โบตาด,RM2061408003,ผ้า Solar Screen สี Brown/Brown N-4545 หน้ากว้าง 2.50 ม 5%,เมตร,465.7,14,43.7,531.93,15,74.92,-66.23,-1,-31.22,WH2-B304,(30x13)+32+24.3+17.1+2.3
185,โบตาด,RM2061912001,ผ้า Solar Screen สี White - Grey N-003 หน้ากว้าง 3.00 ม 5%,เมตร,315,11,0,315,11,0,0,0,0,WH2-C301,(30x8)+(25x3)
186,โบตาด,RM2062211003,ผ้า Solar Screen สี White - Grey DN-003 หน้ากว้าง 2.50 ม 3%,เมตร,45,1,15,60,2,25.86,-15,-1,-10.86,"WH2-C101,B302",30+15
187,โบตาด,RM2062312002,ผ้า Solar Screen สี White - Beige DN-002 หน้ากว้าง 2.50 ม 3%,เมตร,48,1,18,382.1,0,5.9,-334.1,-1,12.1,WH2-B302,30+18
188,โบตาด,RM2062312003,ผ้า Solar Screen สี White - White DN-001 หน้ากว้าง 2.50 ม 3%,เมตร,1010.4,33,24.4,1014.4,33,33.4,-4,0,-9,WH2-B302,(30x28)+(27x2)+(32x2)+28+3.4+4+17
189,โบตาด,RM2062410001,ผ้า Solar Screen สี Grey - Grey N-301 หน้ากว้าง 3.00 ม. 5%,เมตร,247,9,-,293.6,9,15.6,-46.6,0,-15.6,WH2-301,(30x6)(33x2)+22.9
190,โบตาด,RM2062410002,ผ้า Solar Screen สี Brown/Brown N-4545 หน้ากว้าง 3.00 ม. 5%,เมตร,296.9,9,22.9,301,9,27,-4.1,0,-4.1,WH2-B203,(30x7)+(30x2)+22.9
191,โบตาด,RM7070662001,ผ้า Solar Screen สี White - White N-001 หน้ากว้าง 2.50 ม 5%,เมตร,40.85,0,40.85,61.24,0,61.24,-20.39,0,-20.39,WH2-C105,15.9+4+2.9+4.15+3.4+4+4+2.5
192,โบตาด,RM7070662002,ผ้า Solar Screen สี White - Beige N-002 หน้ากว้าง 2.50 ม 5%,เมตร,52.23,0,52.23,70.87,0,70.87,-18.64,0,-18.64,WH2-C105,4+19.9+4.19+2.14+4.8+2.2+6+5+2+2
193,โบตาด,RM7070662004,ผ้า Solar Screen สี White - Grey N-003 หน้ากว้าง 2.50 ม 5%,เมตร,31.7,0,31.7,49.19,0,43.59,-17.49,0,-11.89,"WH2,B304",4.3+2.7+2.3+2.4+15.6+1+3.4
194,โบตาด,RM7070662005,ผ้า Solar Screen สี Beige - Beige N-201 หน้ากว้าง 2.50 ม. 5%,เมตร,30,1,0,114.8,2,20.1,-84.8,-1,-20.1,"WH2-C201,C105",30
195,โบตาด,RM7070662006,ผ้า Solar Screen สี Grey - Grey N-301 หน้ากว้าง 2.50 ม. 5%,เมตร,185,6,9,184.25,6,11.6,0.75,0,-2.6,WH2-C201,(30x5)+26+4.7+4.3
196,โบตาด,RM7070662007,ผ้า Solar Screen สี Black-Black N-901 หน้ากว้าง 2.50 ม. 5%,เมตร,135.15,3,45.1,245.2,4,56.68,-110.05,-1,-11.58,WH2-C201,(30x3)+3+26+308+12.35
197,Haining Keder,RM2021801002,KEDER Size 12mm. White fabric (1box/200MTS),MTS,200,2,0,200,2,0,0,0,0,WH2-A101,(100x2)
198,Haining Keder,RM2021802001,"KEDER Size 10mm./Dia around 11.3mm. Acrylic costed fabric with white , vintl coated",MTS,775,4,0,775,4,0,0,0,0,WH2-A101,รวม775/พีณี
199,Kecker marketing,RM2062208002,ผ้า Acrylic Sauleda สี Gris เทาอ่อน (SR 8271) หน้ากว้าง 1.20 ม. ยาว 60 เมตร,MTS,22.8,0,22.8,39.45,0,4.9,-16.65,0,17.9,WH2-D102,17.4+3.6+1.8
200,Kecker marketing,RM2062208003,ผ้า Acrylic Sauleda สี Antracita เทาเข้ม(SR 1552) หน้ากว้าง 1.20 ม. ยาว 60 เมตร,MTS,0,0,0,42.48,0,42.48,-42.48,0,-42.48,WH2-D102,
201,Kecker marketing,RM2062208004,ผ้า Acrylic Sauleda สี Blanco สีขาว (SR 8268) หน้ากว้าง 1.20 ม. ยาว 60 เมตร,MTS,0,0,0,10.3,0,10.3,-10.3,0,-10.3,WH2-D102,
202,Phifer Technical,RM2062310001,Suntex 90 Design Wheat Colors หนา 0.991 mm./ก. 2.44 ม.ย. 30.48 ม.(5332),MTS,213.36,7,0,232.24,7,18.4,-18.6,0,-18.4,WH2-B203,(30.48x7)
203,Phifer Technical,RM2062310002,Suntex 90 Design Toast Colors หนา 0.991 mm./ ก. 2.44 ม.ย. 30.48 ม.(5333),MTS,6.35,0,0,16.17,0,16.17,-9.82,0,-9.82,WH2-B203,3.40+1.6+1.31
204,Phifer Technical,RM2062310003,Suntex 90 Design Toffee Colors หนา 0.991 mm./ ก. 2.44 ม.ย.30.48 ม.(5336),MTS,213.36,7,0,227.54,7,13.7,-14.18,0,-13.7,WH2-B203,(30.48x7)
205,Sauleda,RM2061411001,Multitex Granate Ral 3005 Wine Red Colour ( หมดแล้วหมดเลย),MTS,47,0,47,47,0,47,0,0,0,WH2-C203,
206,Sauleda,RM2061411002,Multitex Gris Oscuro Ral 7037 Dusty Grey Color,MTS,0,0,0,0,0,0,0,0,0,WH2-C203,
207,Sauleda,RM2062208005,ผ้า Acrylic Sauleda สีน้ำตาล Apricot (1480) หน้ากว้าง 1.20 ม. ยาว 60 เมตร(หมดแล้วหมดเลย),MTS,150.9,2,29.9,150.9,2,29.9,0,0,0,WH2-D101,(60x2)+28.8+1.1
208,Sauleda,RM2062208006,ผ้า Acrylic Sauleda สีช็อคโกแลต Chocolat (1481) หน้ากว้าง 1.20 ม. ยาว 60 เมตร( หมดแล้วหมดเลย),MTS,565.6,9,25.65,612.25,8,46.35,-46.7,1,-20.7,WH2-D101,(60x9)+3.45+2.95+2.45+0.6+1.05+1.9+3.8+4.1+2.75+2.6
209,Sauleda,RM2062208007,ผ้า Acrylic Sauleda สีเหลือง Amarillo (2013) หน้ากว้าง 1.20 ม. ยาว 60 เมตร( หมดแล้วหมดเลย),MTS,180,3,0,208.85,3,28.85,28.9,0,-28.85,WH2-D102,(60x3)
210,Sauleda,RM2062208009,ผ้า Acrylic Sauleda สีขาว Blanco (2042) หน้ากว้าง 1.20 ม. ยาว 60 เมตร( หมดแล้วหมดเลย ),MTS,345.04,5,45.04,396.06,5,96.86,-51.06,0,-51.82,WH2-D102,(60x5)+7.35+2.09+0.9+15+3.4+14.5+2.86+2.05+1.94
211,Sauleda,RM2062208010,ผ้า Acrylic Sauleda สีแดง Brasserie (2209) หน้ากว้าง 1.20 ม. ยาว 60 เมตร,MTS,201,3,0,210.25,3,9.25,-9.1,3,-9.25,WH2-D102,(81x1)(60x2)
212,Sauleda,RM2062208011,ผ้า Acrylic Sauleda สีเทาเข้ม Basalto (2327) หน้ากว้าง 1.20 ม. ยาว 60 เมตร( หมดแล้วหมดเลย),MTS,37.33,0,37.33,43.45,0,0,6.12,0,37.33,WH2-D202,2+1.8+2.4+1.38+6+6+5.6+5.8+6.35
213,Sauleda,RM2062208012,ผ้า Acrylic Sauleda สีเทาอ่อน Perla (2979) หน้ากว้าง 1.20 ม. ยาว 60 เมตร,MTS,1423.2,23,43.2,1449.7,23,67.75,-26.8,0,-24.55,"WH2-D102,D201,A301",(60x23)+4.3+3.73+4.6+4.3+4.1+4.25+4.05+2.05+3.42+4.4+4
214,Sauleda,RM2062208013,ผ้า Acrylic Sauleda สีน้ำตาลลาย Tweed Avena (3580) หน้ากว้าง 1.20 ม. ยาว 60 เมตร,MTS,587.92,9,47.92,638.83,9,49.03,-50.88,0,-2.96,"WH2-C205,D101",(60x9)3.3+8+7.65+2.7+1.45+2.05+2.3+8+3+2.6+2.5+2.95+0.6+2.95+4
215,Sauleda,RM2062208014,ผ้า Acrylic Sauleda สีเทาลาย Tweed Gris Claro (3581) หน้ากว้าง 1.20 ม. ยาว 60 เมตร(หมดแล้วหมดเลย),MTS,67.85,0,67.85,65.73,0,97.38,2.12,0,-29.53,WH2-D101,รวมเศษ 67.85/พี่ณี
216,Sauleda,RM2062212003,ผ้า Acrylic Sauleda สี RAIN (1073) หน้ากว้าง 1.20 ม. ยาว 60 เมตร,MTS,178.6,2,58.6,180.45,2,60.45,-1.9,0,-1.85,WH2-D202,(60x2)+50.7+3.25+1.7+2.95
217,Sauleda,RM2062212004,ผ้า Acrylic Sauleda สี JALISCO (1484) หน้ากว้าง 1.20 ม. ยาว 60 เมตร,MTS,79.45,0,79.45,98.2,0,57.86,18.75,0,21.59,WH2-D202,42.4+37.05
218,Sauleda,RM2062212005,ผ้า Acrylic Sauleda สี FRESH (2097) หน้ากว้าง 1.20 ม. ยาว 60 เมตร,MTS,244.9,4,4.9,278.8,4,38.8,33.9,0,-29,WH2-D202,(60x4)+4.9
219,Sauleda,RM2062212006,ผ้า Acrylic Sauleda สี TURKIS (2129) หน้ากว้าง 1.20 ม. ยาว 60 เมตร,MTS,258.7,4,18.7,258.7,4,18.7,0,0,0,WH2-D202,(60x4)+10+8.34
220,Sauleda,RM2062212007,ผ้า Acrylic Sauleda สี WASHINGTON (2805) หน้ากว้าง 1.20 ม. ยาว 60 เมตร,MTS,18.12,0,18.12,30.4,0,30.4,-12.28,0,-12.28,WH2-D202,7.37+10.75
221,Sauleda,RM2062212008,ผ้า Acrylic Sauleda สี LONDRES (2822) หน้ากว้าง 1.20 ม. ยาว 60 เมตร,MTS,37.3,0,37.3,42.3,0,42.46,-5,0,-5.16,WH2-D202,6.6+29.6+1.5
222,Sauleda,RM2062212009,ผ้า Acrylic Sauleda สี COLONIA (2964) หน้ากว้าง 1.20 ม. ยาว 60 เมตร,MTS,83.5,0,83.5,84.8,0,87.3,-1.3,0,-3.8,WH2-D202,51.5+32
223,Sauleda,RM2062212010,ผ้า Acrylic Sauleda สี TWEED NEGRO (3582) หน้ากว้าง 1.20 ม. ยาว 60 เมตร,MTS,18.82,0,18.82,13.25,0,11.65,5.57,0,7.32,WH2-D202,7.05+1.6+3.38+3.8+1.59+1.4
224,Sauleda,RM2062302007,ผ้า Acrylic Sauleda สี TEJA (2065) หน้ากว้าง 1.20 ม. ยาว 60 เมตร,MTS,109.5,1,49.5,111.25,1,51.25,-1.8,0,-1.75,WH2-D101,(60x1)+41.25+0.9+5.55+1.8
225,Sauleda,RM2062302008,ผ้า Acrylic Sauleda สีดำ NEGRO (2170) หน้ากว้าง 1.20 ม. ยาว 60 เมตร,MTS,318.66,3,133.66,310.5,3,63.95,8.16,0,69.71,"WH2-D102,D101",(60x2)+(65x1)+48.5+4.21+5+13.5+16.92+3.2+2.53+5.8+2.8+2.6+3.5+12.9+3.05+5.25+3.9
226,Sauleda,RM2062303002,ผ้า Acrylic Sauleda สี GRANATE (2101) หน้ากว้าง 1.20 ม. ยาว 60 เมตร,MTS,374.2,6,16.2,379.18,6,19.18,-5,0,-2.98,WH2-D101,(60x6)+16.2
227,Sauleda,RM2062303003,ผ้า Acrylic Sauleda สี MARINO (2145) หน้ากว้าง 1.20 ม. ยาว 60 เมตร,MTS,44.6,0,44.6,63.1,0,62.5,-18.5,0,-17.9,WH2-D101,29+12.5+3.1
228,Serge Ferrai,RM2062202001,"ผ้า Ferrari 912-8861S2 สีครีมไข่ไก่ หน้ากว้าง 2.67 ม./ ยาว 15 เมตร, 16 เมตร ( K.เฟรด)",MTS,15.7,0,0,15.7,0,0,0,0,0,WH2-B205,
229,Serge Ferrai,RM2062207003,ผ้า Ferrari 702-8604S2 สีขาว หน้ากว้าง 2.67 ม.,MTS,113,2,13,88,2,0,25,0,13,WH2-P003,
230,Serge Ferrai,RM2062207004,ผ้า Ferrari 502-8604S2 สีขาว หน้ากว้าง 2.67 ม.,MTS,151,2,51,116.05,1,72.05,34.9,1,-21.05,WH2-P003,
231,Serge Ferrai,RM2062212001,ผ้า Ferrari 502-2135C สีเบจ หน้ากว้าง 1.80 ม. (40 เมตร),MTS,400.67,10,28,369,10,28.1,31.67,0,-0.1,WH2-ลังไม้,
232,Serge Ferrai,RM2062307004,ผ้า Ferrari 371-7900 สีขาว หน้ากว้าง 2.67 ม. ยาว 50 เมตร,MTS,19.8,0,0,19.8,0,19.8,0,0,-19.8,WH2-B102,
233,Serge Ferrai,RM2062309001,"ผ้า Ferrari 432-8274 สีแดง-ขาว หน้ากว้าง 1.78 ม. ยาว 40,37,30,20,17 เมตร",MTS,56.6,2,0,52.5,2,7.6,4.1,0,-7.6,WH2-A201,
234,Serge Ferrari,RM2061508001,ผ้า Ferrari 502-2168 สีอลูมิเนียม หน้ากว้าง 1.80 ม. (40 เมตร),Mts,44.3,1,24.3,49.2,1,32.7,-4.9,1,-8.4,WH2-A201,(20x1)+24.3
235,Serge Ferrari,RM2061805003,ผ้า Ferrari 302-50331 สีเทาอ่อน หน้ากว้าง 1.80 ม./ย. 15 ม.,Mts,3.6,1,0,3.6,1,0,0,0,0,WH2-A201,3.6
236,Serge Ferrari,RM2061805004,ผ้า Ferrari 505 -White Color Standard Roll หน้ากว้าง 2.70 ม.,Mts,50,1,0,50,1,0,0,0,0,WH2-B205,(50x1)
237,Serge Ferrari,RM2061807001,ผ้า Ferrari 1002-8636S2 สีขาว หน้ากว้าง 2.67 ม. ยาว 50 เมตร/70 เมตร/35 เมตร,Mts,106.53,0,106.53,131.1,0,105.3,-24.57,0,1.23,WH2-P002,รวมเศษ106.53
238,Serge Ferrari,RM2061807002,ผ้า Ferrari 302-50377 Hemp หน้ากว้าง 1.80 ม./ย.15 ม.,Mts,15,1,0,15,1,0,0,0,0,WH2-A201,(15x1)
239,Serge Ferrari,RM2061807003,ผ้า Ferrari 302-50378 Anthracite หน้ากว้าง 1.80 ม./ย.15 ม.,Mts,15,1,0,15,1,0,0,0,0,WH2-A201,(15x1)
240,Serge Ferrari,RM2061906002,ผ้า Ferrari 402-8035R (BLUE WHITE)หน้ากว้าง 1.80 ม./ย.50 ม.,Mts,102.1,2,2.1,100,2,2.1,2.1,0,0,WH2-A305,(50x2)+2.1
241,Serge Ferrari,RM2061912002,ผ้า Ferrari 1002-3399S2 สีขาว หน้ากว้าง 1.78 ม. ยาว 50 เมตร/42 เมตร (โปร่งแสง),Mts,41.5,0,41.5,41.5,0,41.5,0,0,0,WH2-P003,41.5
242,Serge Ferrari,RM2062004001,ผ้า Ferrari SOLTIS 92-2045 หน้ากว้าง 1.77 ม,Mts,5.45,0,5.45,5.45,0,5.75,0,0,-0.3,WH2-C105,5.45
243,Serge Ferrari,RM2062207002,ผ้า Ferrari 381-3123 SAND BEIGE หน้ากว้าง 2.67 ม.,Mts,0,0,0,0,0,0,0,0,0,WH2-B102,
244,Serge Ferrari,RM7071307004,ผ้า Ferrari 702-8604S2 สีขาว หน้ากว้าง 2.50 ม.,Mts,76.7,0,76.7,74.2,0,75.6,2.5,0,1.1,WH2-P003,รวมเศษ 76.7
245,บ.เอ็มฮิวส์,RM2061406002,ผ้า Extra Block True Blue 311079 หน้ากว้าง 3.00 ม.,MTS,0,0,0,12.5,0,12.5,-12.5,0,-12.5,WH2-D303,
246,บ.เอ็มฮิวส์,RM2061507002,Sunbrella # 4642-0000 Oyster,MTS,0,0,0,11.77,1,0,-11.77,-1,0,WH2-E104,
247,บ.เอ็มฮิวส์,RM2061910001,Sunbrella Style # 4988 Cooper Black หน้ากว้าง 1.18 ม.,MTS,8.8,0,8.8,8.8,0,0,0,0,8.8,WH2-E103,
248,บ.เอ็มฮิวส์,RM2062101001,ผ้า Acrylic #2227 หน้ากว้าง 1.50 ม.,MTS,0,0,0,10.8,0,0,-10.8,0,0,WH2-E104,
249,บ.เอ็มฮิวส์,RM2062102006,ผ้า Sunbrella Acrylic Sualeda 8487 Antracita หน้ากว้าง 1.53 เมตร,MTS,0,0,0,10,0,0,-10,0,0,WH2-D201,
250,บ.เอ็มฮิวส์,RM2062106004,ผ้า Acrylic #2717 หน้ากว้าง 1.50 ม.,MTS,0,0,0,1.35,0,1.35,-1.35,0,-1.35,WH2-E101,
251,บ.เอ็มฮิวส์,RM2062204002,ผ้าอะคริลิค #2434 กาแฟ หน้ากว้าง 153 ม.,MTS,0,0,0,7,0,7,-7,0,-7,WH2-E104,
252,บ.เอ็มฮิวส์,RM7070915001,ผ้า Extra Block -Beige 311076 หน้ากว้าง 3.00 ม.,MTS,0,0,0,12.01,0,12.01,-12.01,0,-12.01,WH2-D303,
253,บ.เอ็มฮิวส์,RM7070915002,ผ้า Extra Block -Latte 311083 หน้ากว้าง 3.00 ม.,MTS,0,0,0,75.5,2,0,-75.5,-2,0,WH2-D303,
254,บ.เอ็มฮิวส์,RM7070915003,ผ้า Extra Block -Cream 311077 หน้ากว้าง 3.00 ม.,MTS,0,0,0,13.9,0,13.9,-13.9,0,-13.9,WH2-D303,
255,บ.เอ็มฮิวส์,RM7070915005,ผ้า Extra Block -Silver 311081 หน้ากว้าง 3.00 ม.,MTS,0,0,0,7.3,0,0,-7.3,0,0,WH2-D303,
256,บ.เอ็มฮิวส์,RM7071269020,Sunbrella Style# 5704 Black/White หน้ากว้าง 1.20 ม.,MTS,54.25,1,0,54.25,1,0,0,0,0,WH2-E103,
257,ห.จ.ก.เจริญผ้าใบ,RM7070151006,ผ้า Super PVC T5 สีครีม CR1 หน้ากว้าง 1.07 ม.,MTS,0,0,0,127.1,1,53.75,-127.1,-1,-53.75,"WH2-D107,E105",
258,ห.จ.ก.เจริญผ้าใบ,RM7070151010,ผ้า Super PVC T5 สีเขียวขี้ม้า OD2 หน้ากว้าง 1.07 ม.,MTS,427.7,4,47.7,408.71,4,60,18.99,0,-12.3,WH2-D107,(90x4)+47.7
259,ห.จ.ก.เจริญผ้าใบ,RM7070151012,ผ้า Super PVC T5 สีแดง RD2 หน้ากว้าง 1.07 ม.,MTS,98,0,98,118.58,0,118.52,-20.6,0,-20.52,WH2-D107,98
260,ห.จ.ก.เจริญผ้าใบ,RM7070151014,ผ้า Super PVC T5 สีเหลือง YL2 หน้ากว้าง 1.07 ม.,MTS,210,2,30,211.1,2,35.85,-1.1,0,-5.85,WH2-D107,(90x2)+30
261,ห.จ.ก.ผ้าใบนกอินทรี,RM2061506002,ผ้าใบ PVC S5 CR1 สีครีม หน้ากว้าง 1.08 ม.,MTS,123,1,33,12.55,1,23.4,110.45,0,9.6,WH2-D107,(60x1)+33
262,ห.จ.ก.ผ้าใบนกอินทรี,RM2061506003,ผ้าใบ PVC S5 OR1 สีส้ม หน้ากว้าง 1.08 ม.,MTS,55.75,0,55.75,55.75,0,81.29,0,0,-25.54,WH2-D107,55.75
263,ห.จ.ก.ผ้าใบนกอินทรี,RM2061506005,ผ้าใบ PVC S5 BL4 สีกรมท่า หน้ากว้าง 1.08 ม.,MTS,229.6,2,49.6,236.55,3,0.35,-7,-1,49.25,WH2-D107,(90x2)+49.6
264,บ.ออกัสแอนด์ซัน,RM2062306001,Sunbrella Acrylic 6079-0000 OCEAN BLUE (สีฟ้าน้ำทะเล) หน้ากว้าง 1.52 ม.,MTS,0,0,0,0,0,0,0,0,0,WH2,
265,บ.ออกัสแอนด์ซัน,RM2062406003,"Sunbrella Acrylic 6020-0000 BEIGE 100% Sunbrella Acrylic 60""หน้ากว้าง 1.52 ม.",MTS,0,0,0,0,0,0,0,0,0,WH3-E103,
266,บ.ออกัสแอนด์ซัน,RM2062411003,"Sunbrella Acrylic 4876-0000 MANHATTAN FOG 46""หน้ากว้าง 1.17 ม.",MTS,91.45,1,37.45,98.43,1,55.9,-6.98,0,-18.45,WH2,(54x1)+37.45
,,,,,,,,,,,,,,,
,,,,,,,,,,,,,,,
,Check by :,....................................................................,Date :,.........9/01/2025..........................,,,,,,,,,,,
,Auditor by :,………………………………………………………………,Date :,……………………………………………….,,,,,,,,,,,